"","source","order.x","family","genus","specificEp","scientificName","yearpub","PUBL","year","month","ANA","BAR","CAT","CLE","CRU","MIG","NIC","ROS","order.y","acceptedFamily","acceptedGenus","acceptedName"
"1","lit","Orthoptera","Acrididae","Camnula","pellucida","Camnula pellucida",1876,"App. JJ Ann. Rept. Chief Eng.",,,,,,,"x",,,"x","Orthoptera","Acrididae","Camnula","Camnula pellucida"
"2","lit","Orthoptera","Acrididae","Camnula","pellucida","Camnula pellucida",1910,"Proc. Acad. Nat. Sci. Phil.",1907,8,,,"x",,,,,,"Orthoptera","Acrididae","Camnula","Camnula pellucida"
"3","lit","Orthoptera","Acrididae","Camnula","pellucida","Camnula pellucida",1940,"Proc. Sixth Pac. Sci. Cong.",,,,,,,,"x",,,"Orthoptera","Acrididae","Camnula","Camnula pellucida"
"4","lit","Orthoptera","Acrididae","Camnula","pellucida","Camnula pellucida",1982,"Univ. Calif. Publ. Ent.",,,,,"x",,"x","x","x","x","Orthoptera","Acrididae","Camnula","Camnula pellucida"
"5","lit","Orthoptera","Acrididae","Chloealtis","gracilis","Chloealtis gracilis",1982,"Univ. Calif. Publ. Ent.",,,,,,,"x",,,,"Orthoptera","Acrididae","Chloealtis","Chloealtis gracilis"
"6","lit","Orthoptera","Acrididae","Dissosteira","pictipennis","Dissosteira pictipennis",1876,"App. JJ Ann. Rept. Chief Eng.",,,,,,,"x",,,,"Orthoptera","Acrididae","Dissosteira","Dissosteira pictipennis"
"7","lit","Orthoptera","Acrididae","Dissosteira","pictipennis","Dissosteira pictipennis",1908,"Proc. U.S. Natl. Mus.",1906,6,,,"x",,,,,,"Orthoptera","Acrididae","Dissosteira","Dissosteira pictipennis"
"8","lit","Orthoptera","Acrididae","Dissosteira","pictipennis","Dissosteira pictipennis",1910,"Proc. Acad. Nat. Sci. Phil.",1907,8,,,"x",,,,,,"Orthoptera","Acrididae","Dissosteira","Dissosteira pictipennis"
"9","lit","Orthoptera","Acrididae","Dissosteira","pictipennis","Dissosteira pictipennis",1982,"Univ. Calif. Publ. Ent.",,,,,"x",,"x",,,"x","Orthoptera","Acrididae","Dissosteira","Dissosteira pictipennis"
"10","lit","Orthoptera","Acrididae","Encoptolophus","robustus","Encoptolophus robustus",1982,"Univ. Calif. Publ. Ent.",,,,,,,"x",,,"x",,"Acrididae","Nebulatettix ","Nebulatettix robustus"
"11","lit","Orthoptera","Acrididae","Leprus","intermedius","Leprus intermedius",1900,"Psyche",,,,,,,,,,"x","Orthoptera","Acrididae","Leprus","Leprus intermedius"
"12","lit","Orthoptera","Acrididae","Leprus","intermedius","Leprus intermedius",1908,"Proc. U.S. Natl. Mus.",1906,6,,,"x",,,,,,"Orthoptera","Acrididae","Leprus","Leprus intermedius"
"13","lit","Orthoptera","Acrididae","Leprus","intermedius","Leprus intermedius",1910,"Proc. Acad. Nat. Sci. Phil.",1907,8,,,"x",,,,,"x","Orthoptera","Acrididae","Leprus","Leprus intermedius"
"14","lit","Orthoptera","Acrididae","Leprus","intermedius","Leprus intermedius",1963,"How Know Grasshoppers",,,,,,,,,,,"Orthoptera","Acrididae","Leprus","Leprus intermedius"
"15","lit","Orthoptera","Acrididae","Leprus","intermedius","Leprus intermedius",1968,"Bull. Calif. Insect Survey",,,,,"x",,,,,,"Orthoptera","Acrididae","Leprus","Leprus intermedius"
"16","lit","Orthoptera","Acrididae","Leprus","intermedius","Leprus intermedius",1982,"Univ. Calif. Publ. Ent.",,,,,"x","x","x",,,"x","Orthoptera","Acrididae","Leprus","Leprus intermedius"
"17","lit","Orthoptera","Acrididae","Leprus","intermedius","Leprus intermedius",1984,"N. Amer. Grasshoppers",,,,,,,,,,,"Orthoptera","Acrididae","Leprus","Leprus intermedius"
"18","lit","Orthoptera","Acrididae","Melanoplus","cinereus cyanipes","Melanoplus cinereus cyanipes",1910,"Proc. Acad. Nat. Sci. Phil.",1907,8,,,"x",,,,,,"Orthoptera","Acrididae","Melanoplus","Melanoplus cinereus cyanipes"
"19","lit","Orthoptera","Acrididae","Melanoplus","cinereus cyanipes","Melanoplus cinereus cyanipes",1916,"Ent. News",1915,8,,,,,,,,,"Orthoptera","Acrididae","Melanoplus","Melanoplus cinereus cyanipes"
"20","lit","Orthoptera","Acrididae","Melanoplus","cinereus cyanipes","Melanoplus cinereus cyanipes",1982,"Univ. Calif. Publ. Ent.",,,"x",,"x",,"x",,,"x","Orthoptera","Acrididae","Melanoplus","Melanoplus cinereus cyanipes"
"21","lit","Orthoptera","Acrididae","Melanoplus","devastator","Melanoplus devastator",1908,"Proc. U.S. Natl. Mus.",1906,6,,,"x",,,,,,"Orthoptera","Acrididae","Melanoplus","Melanoplus devastator"
"22","lit","Orthoptera","Acrididae","Melanoplus","devastator","Melanoplus devastator",1910,"Proc. Acad. Nat. Sci. Phil.",1907,8,,,"x",,,,,,"Orthoptera","Acrididae","Melanoplus","Melanoplus devastator"
"23","lit","Orthoptera","Acrididae","Melanoplus","devastator","Melanoplus devastator",1982,"Univ. Calif. Publ. Ent.",,,,,"x",,"x","x",,"x","Orthoptera","Acrididae","Melanoplus","Melanoplus devastator"
"24","lit","Orthoptera","Acrididae","Microtes","nicola","Microtes nicola",1982,"Univ. Calif. Publ. Ent.",,,,,,,,,"x",,,"Acrididae","Conozoa","Conozoa nicola"
"25","lit","Orthoptera","Acrididae","Microtes","nicola","Microtes nicola",1984,"N. Amer. Grasshoppers",,,,,,,,,"x",,,"Acrididae","Conozoa","Conozoa nicola"
"26","lit","Orthoptera","Acrididae","Microtes","nicola","Microtes nicola",1985,"Ent. Calif. Ch. Isls. Proc.",,,,,,,,,"x",,,"Acrididae","Conozoa","Conozoa nicola"
"27","lit","Orthoptera","Acrididae","Microtes","occidentalis","Microtes occidentalis",1982,"Univ. Calif. Publ. Ent.",,,,,,,,"x",,"x","Orthoptera","Acrididae","Microtes","Microtes occidentalis"
"28","lit","Orthoptera","Acrididae","Oedaleonotus","tenuipennis","Oedaleonotus tenuipennis",1968,"Bull. Calif. Insect Survey",,,,,,,"x",,,,,"Acrididae","Oedaleonotus","Oedaleonotus tenuipennis"
"29","lit","Orthoptera","Acrididae","Oedaleonotus","tenuipennis","Oedaleonotus tenuipennis",1982,"Univ. Calif. Publ. Ent.",,,,,,,"x",,,"x",,"Acrididae","Oedaleonotus","Oedaleonotus tenuipennis"
"30","lit","Orthoptera","Acrididae","Psoloessa","texana","Psoloessa texana",1982,"Univ. Calif. Publ. Ent.",,,,,,,"x",,,"x","Orthoptera","Acrididae","Psoloessa","Psoloessa texana"
"31","lit","Orthoptera","Acrididae","Schistocerca","nitens nitens","Schistocerca nitens nitens",1940,"Proc. Sixth Pac. Sci. Cong.",1939,4,,,,"x",,,,,"Orthoptera","Acrididae","Schistocerca","Schistocerca nitens nitens"
"32","lit","Orthoptera","Acrididae","Schistocerca","nitens nitens","Schistocerca nitens nitens",1982,"Univ. Calif. Publ. Ent.",,,,,"x","x",,,"x",,"Orthoptera","Acrididae","Schistocerca","Schistocerca nitens nitens"
"33","lit","Orthoptera","Acrididae","Scirtetica","clementina","Scirtetica clementina",1940,"Proc. Sixth Pac. Sci. Cong.",,,,,,"x",,,,,,,,
"34","lit","Orthoptera","Acrididae","Scirtetica","clementina","Scirtetica clementina",1982,"Univ. Calif. Publ. Ent.",,,,,,"x",,,,,,,,
"35","lit","Orthoptera","Acrididae","Scirtetica","clementina","Scirtetica clementina",1984,"N. Amer. Grasshoppers",,,,,,"x",,,,,,,,
"36","lit","Orthoptera","Acrididae","Scirtetica","clementina","Scirtetica clementina",1985,"Ent. Calif. Ch. Isls. Proc.",,,,,,"x",,,,,,,,
"37","lit","Orthoptera","Acrididae","Trimerotropis","fontana","Trimerotropis fontana",1910,"Proc. Acad. Nat. Sci. Phil.",1907,8,,,"x",,,,,,"Orthoptera","Acrididae","Trimerotropis","Trimerotropis fontana"
"38","lit","Orthoptera","Acrididae","Trimerotropis","fontana","Trimerotropis fontana",1910,"Proc. Acad. Nat. Sci. Phil.",1907,8,,,"x",,,,,,"Orthoptera","Acrididae","Trimerotropis","Trimerotropis fontana"
"39","lit","Orthoptera","Acrididae","Trimerotropis","fontana","Trimerotropis fontana",1963,"How Know Grasshoppers",,,,,"x",,,,,,"Orthoptera","Acrididae","Trimerotropis","Trimerotropis fontana"
"40","lit","Orthoptera","Acrididae","Trimerotropis","fontana","Trimerotropis fontana",1963,"How Know Grasshoppers",,,,,"x",,,,,,"Orthoptera","Acrididae","Trimerotropis","Trimerotropis fontana"
"41","lit","Orthoptera","Acrididae","Trimerotropis","fontana","Trimerotropis fontana",1968,"Bull. Calif. Insect Survey",,,,,"x",,,,,,"Orthoptera","Acrididae","Trimerotropis","Trimerotropis fontana"
"42","lit","Orthoptera","Acrididae","Trimerotropis","fontana","Trimerotropis fontana",1982,"Univ. Calif. Publ. Ent.",,,,,"x",,"x",,,"x","Orthoptera","Acrididae","Trimerotropis","Trimerotropis fontana"
"43","lit","Orthoptera","Acrididae","Trimerotropis","fontana","Trimerotropis fontana",1984,"N. Amer. Grasshoppers",,,,,,,,,,,"Orthoptera","Acrididae","Trimerotropis","Trimerotropis fontana"
"44","lit","Orthoptera","Acrididae","Trimerotropis","lauta","Trimerotropis lauta",1980,"Trans. Amer. Ent. Soc.",,,,,,,,,,,,"Acrididae","Trimerotropis","Timerotropis lauta"
"45","lit","Orthoptera","Acrididae","Trimerotropis","pallidipennis pallidipennis","Trimerotropis pallidipennis pallidipennis",1908,"Proc. U.S. Natl. Mus.",1906,6,,,"x",,,,,,"Orthoptera","Acrididae","Trimerotropis","Trimerotropis pallidipennis"
"46","lit","Orthoptera","Acrididae","Trimerotropis","pallidipennis pallidipennis","Trimerotropis pallidipennis pallidipennis",1910,"Proc. Acad. Nat. Sci. Phil.",1907,8,,,"x",,,,,,"Orthoptera","Acrididae","Trimerotropis","Trimerotropis pallidipennis"
"47","lit","Orthoptera","Acrididae","Trimerotropis","pallidipennis pallidipennis","Trimerotropis pallidipennis pallidipennis",1980,"Trans. Amer. Ent. Soc.",,,,,,,,,,,"Orthoptera","Acrididae","Trimerotropis","Trimerotropis pallidipennis"
"48","lit","Orthoptera","Acrididae","Trimerotropis","pallidipennis pallidipennis","Trimerotropis pallidipennis pallidipennis",1982,"Univ. Calif. Publ. Ent.",,,"x","x","x","x","x",,"x","x","Orthoptera","Acrididae","Trimerotropis","Trimerotropis pallidipennis"
"49","lit","Orthoptera","Acrididae","Trimerotropis","pseudofasciata","Trimerotropis pseudofasciata",1876,"App. JJ Ann. Rept. Chief Eng.",,,,,,,"x",,,"x","Orthoptera","Acrididae","Trimerotropis","Trimerotropis pseudofasciata"
"50","lit","Orthoptera","Acrididae","Trimerotropis","pseudofasciata","Trimerotropis pseudofasciata",1901,"Proc. U.S. Nat. Mus.",,,,,,,"x",,,,"Orthoptera","Acrididae","Trimerotropis","Trimerotropis pseudofasciata"
"51","lit","Orthoptera","Acrididae","Trimerotropis","pseudofasciata","Trimerotropis pseudofasciata",1908,"Proc. U.S. Natl. Mus.",1906,6,,,"x",,,,,,"Orthoptera","Acrididae","Trimerotropis","Trimerotropis pseudofasciata"
"52","lit","Orthoptera","Acrididae","Trimerotropis","pseudofasciata","Trimerotropis pseudofasciata",1976,"Chromosoma",,,,,,,,,,,"Orthoptera","Acrididae","Trimerotropis","Trimerotropis pseudofasciata"
"53","lit","Orthoptera","Acrididae","Trimerotropis","pseudofasciata","Trimerotropis pseudofasciata",1963,"How Know Grasshoppers",,,,,"x",,,,,,"Orthoptera","Acrididae","Trimerotropis","Trimerotropis pseudofasciata"
"54","lit","Orthoptera","Acrididae","Trimerotropis","pseudofasciata","Trimerotropis pseudofasciata",1968,"Bull. Calif. Insect Survey",,,,,"x",,"x",,,,"Orthoptera","Acrididae","Trimerotropis","Trimerotropis pseudofasciata"
"55","lit","Orthoptera","Acrididae","Trimerotropis","pseudofasciata","Trimerotropis pseudofasciata",1975,"Stan. Univ., Ph.D. thesis",,,,,,,,,,,"Orthoptera","Acrididae","Trimerotropis","Trimerotropis pseudofasciata"
"56","lit","Orthoptera","Acrididae","Trimerotropis","pseudofasciata","Trimerotropis pseudofasciata",1910,"Proc. Acad. Nat. Sci. Phil.",1907,8,,,"x",,,,,,"Orthoptera","Acrididae","Trimerotropis","Trimerotropis pseudofasciata"
"57","lit","Orthoptera","Acrididae","Trimerotropis","pseudofasciata","Trimerotropis pseudofasciata",1980,"Trans. Amer. Ent. Soc.",,,,,,,,,,,"Orthoptera","Acrididae","Trimerotropis","Trimerotropis pseudofasciata"
"58","lit","Orthoptera","Acrididae","Trimerotropis","pseudofasciata","Trimerotropis pseudofasciata",1980,"Trans. Amer. Ent. Soc.",,,,,,,"x",,,,"Orthoptera","Acrididae","Trimerotropis","Trimerotropis pseudofasciata"
"59","lit","Orthoptera","Acrididae","Trimerotropis","pseudofasciata","Trimerotropis pseudofasciata",1981,"Acrida",,,,,"x","x","x",,"x","x","Orthoptera","Acrididae","Trimerotropis","Trimerotropis pseudofasciata"
"60","lit","Orthoptera","Acrididae","Trimerotropis","pseudofasciata","Trimerotropis pseudofasciata",1982,"Univ. Calif. Publ. Ent.",,,,,"x","x","x",,"x","x","Orthoptera","Acrididae","Trimerotropis","Trimerotropis pseudofasciata"
"61","lit","Orthoptera","Acrididae","Trimerotropis","santabarbara","Trimerotropis santabarbara",1982,"Univ. Calif. Publ. Ent.",,,,"x",,,,,,,"Orthoptera","Acrididae","Trimerotropis","Trimerotropis santabarbara"
"62","lit","Orthoptera","Acrididae","Trimerotropis","santabarbara","Trimerotropis santabarbara",1984,"N. Amer. Grasshoppers",,,,"x",,,,,,,"Orthoptera","Acrididae","Trimerotropis","Trimerotropis santabarbara"
"63","lit","Orthoptera","Acrididae","Trimerotropis","santabarbara","Trimerotropis santabarbara",1985,"Ent. Calif. Ch. Isls. Proc.",,,,"x",,,,,,,"Orthoptera","Acrididae","Trimerotropis","Trimerotropis santabarbara"
"64","lit","Orthoptera","Acrididae","Trimerotropis","santabarbara","Trimerotropis santabarbara",1991,"Herp. Monographs",,,,"x",,,,,,,"Orthoptera","Acrididae","Trimerotropis","Trimerotropis santabarbara"
"65","lit","Orthoptera","Eumastacidae","Morsea","californica catalinae","Morsea californica catalinae",1982,"Univ. Calif. Publ. Ent.",,,,,"x",,,,,,,"Eumastacidae","Morsea","Morsea catalinae"
"66","lit","Orthoptera","Eumastacidae","Morsea","californica islandica","Morsea californica islandica",1958,"Trans. Amer. ENt. Soc.",,,,,,,"x",,,,,"Eumastacidae","Morsea","Morsea islandica"
"67","lit","Orthoptera","Eumastacidae","Morsea","californica islandica","Morsea californica islandica",1968,"Bull. Calif. Insect Survey",,,,,,,"x",,,"x",,"Eumastacidae","Morsea","Morsea islandica"
"68","lit","Orthoptera","Eumastacidae","Morsea","californica islandica","Morsea californica islandica",1982,"Univ. Calif. Publ. Ent.",,,,,,,"x",,,"x",,"Eumastacidae","Morsea","Morsea islandica"
"69","lit","Orthoptera","Gryllacrididae","Pristoceuthophilus","pacificus","Pristoceuthophilus pacificus",1991,"Herp. Monographs",,,,"x",,,,,,,,"Rhaphidophoridae","Pristoceuthophilus","Pristoceuthophilus pacificus"
"70","lit","Orthoptera","Gryllidae","Gryllus","V","Gryllus V",1982,"Univ. Calif. Publ. Ent.",,,,,,,,,"x",,,,,
"71","lit","Orthoptera","Gryllidae","Gryllus","assimilis","Gryllus assimilis",1905,"Invert. Pac.",,,,,"x",,,,,,,"Gryllidae","Gryllus","Gryllus assimilis"
"72","lit","Orthoptera","Gryllidae","Gryllus","assimilis","Gryllus assimilis",1918,"Pom. Coll. J. Ent. & Zool.",,,,,"x",,,,,,,"Gryllidae","Gryllus","Gryllus assimilis"
"73","lit","Orthoptera","Gryllidae","Gryllus","assimilis","Gryllus assimilis",1940,"Proc. Sixth Pac. Sci. Cong.",,,,,,"x",,,,,,"Gryllidae","Gryllus","Gryllus assimilis"
"74","lit","Orthoptera","Gryllidae","Gryllus","assimilis","Gryllus assimilis",1980,"Trans. Amer. Ent. Soc.",,,,,"x",,"x",,,,,"Gryllidae","Gryllus","Gryllus assimilis"
"75","lit","Orthoptera","Gryllidae","Gryllus","assimilis","Gryllus assimilis",1982,"Univ. Calif. Publ. Ent.",,,,,,,"x",,,,,"Gryllidae","Gryllus","Gryllus assimilis"
"76","lit","Orthoptera","Gryllidae","Gryllus","insularis","Gryllus insularis",1980,"Trans. Amer. Ent. Soc.",,,,,,,,,,,,"Gryllidae","Gryllus","Gryllus insularis"
"77","lit","Orthoptera","Gryllidae","Gryllus","integer","Gryllus integer",1980,"Trans. Amer. Ent. Soc.",,,,"x",,,"x","x","x",,,"Gryllidae","Gryllus","Gryllus integer"
"78","lit","Orthoptera","Gryllidae","Gryllus","integer","Gryllus integer",1982,"Univ. Calif. Publ. Ent.",,,,"x",,,"x","x","x",,,"Gryllidae","Gryllus","Gryllus integer"
"79","lit","Orthoptera","Gryllidae","Gryllus","lineaticeps","Gryllus lineaticeps",1980,"Trans. Amer. Ent. Soc.",,,"x","x","x","x","x",,"x","x","Orthoptera","Gryllidae","Gryllus","Gryllus lineaticeps"
"80","lit","Orthoptera","Gryllidae","Gryllus","lineaticeps","Gryllus lineaticeps",1982,"Univ. Calif. Publ. Ent.",,,,,,,"x",,,,"Orthoptera","Gryllidae","Gryllus","Gryllus lineaticeps"
"81","lit","Orthoptera","Gryllidae","Gryllus","pennsylvanicus","Gryllus pennsylvanicus",1980,"Trans. Amer. Ent. Soc.",,,"x",,"x",,"x",,,,,"Gryllidae","Gryllus","Gryllus pennsylvanicus"
"82","lit","Orthoptera","Gryllidae","Gryllus","pennsylvanicus","Gryllus pennsylvanicus",1982,"Univ. Calif. Publ. Ent.",,,,,,,"x",,,,,"Gryllidae","Gryllus","Gryllus pennsylvanicus"
"83","lit","Orthoptera","Gryllidae","Gryllus","sp.","Gryllus sp.",1991,"Herp. Monographs",,,,"x",,,,,,,,,,
"84","lit","Orthoptera","Gryllidae","Gryllus","sp.","Gryllus sp.",1908,"Proc. U.S. Natl. Mus.",1906,6,,,"x",,,,,,,,,
"85","lit","Orthoptera","Gryllidae","Gryllus","sp.","Gryllus sp.",1965,"Proc. Acad. Nat. Sci. Phil.",,,,,"x","x","x",,,"x",,,,
"86","lit","Orthoptera","Gryllidae","Gryllus","sp.","Gryllus sp.",1975,"Unpubl. M.A. thesis, UCSB",,,,,"x","x","x",,,"x",,,,
"87","lit","Orthoptera","Gryllidae","Gryllus","sp.","Gryllus sp.",1876,"App. JJ Ann. Rept. Chief Eng.",,,,,,,"x",,,,,,,
"88","lit","Orthoptera","Gryllidae","Gryllus","vocalis","Gryllus vocalis",1982,"Univ. Calif. Publ. Ent.",,,,,,,"x",,,,,"Gryllidae","Gryllus","Gryllus vocalis"
"89","lit","Orthoptera","Gryllidae","Hoplosphyrum","boreale","Hoplosphyrum boreale",1982,"Univ. Calif. Publ. Ent.",,,"x",,"x","x","x",,,,"Orthoptera","Mogoplistidae","Hoplosphyrum","Hoplosphyrum boreale"
"90","lit","Orthoptera","Gryllidae","Myrmecophilus","oregonensis","Myrmecophilus oregonensis",1982,"Univ. Calif. Publ. Ent.",,,"x",,"x","x","x","x",,"x",,,,
"91","lit","Orthoptera","Gryllidae","Oecanthus","argentinus","Oecanthus argentinus",1982,"Univ. Calif. Publ. Ent.",,,"x","x","x","x","x",,"x","x","Orthoptera","Gryllidae","Oecanthus","Oecanthus argentinus"
"92","lit","Orthoptera","Gryllidae","Oecanthus","califoricus","Oecanthus califoricus",1982,"Univ. Calif. Publ. Ent.",,,"x",,"x",,"x",,,"x",,"Gryllidae","Oecanthus","Oecanthus californicus"
"93","lit","Orthoptera","Gryllidae","Oecanthus","fultoni","Oecanthus fultoni",1982,"Univ. Calif. Publ. Ent.",,,,,,,"x",,,,,"Gryllidae","Oecanthus","Oecanthus fultoni"
"94","lit","Orthoptera","Gryllidae","Oecanthus","rileyi","Oecanthus rileyi",1910,"Proc. Acad. Nat. Sci. Phil.",1907,8,,,"x",,,,,,,"Gryllidae","Oecanthus","Oecanthus rileyi"
"95","lit","Orthoptera","Gryllidae","Oecanthus","rileyi","Oecanthus rileyi",1962,"Ann. Ent. Soc. Amer.",,,,,"x",,,,,,,"Gryllidae","Oecanthus","Oecanthus rileyi"
"96","lit","Orthoptera","Gryllidae","Oecanthus","rileyi","Oecanthus rileyi",1982,"Univ. Calif. Publ. Ent.",,,,,"x",,"x",,,,,"Gryllidae","Oecanthus","Oecanthus rileyi"
"97","lit","Orthoptera","Gryllidae","Oecanthus","sp.?","Oecanthus sp.?",1892,"Zoe",1892,8,,,"x",,,,,,,,,
"98","lit","Orthoptera","Mantiidae","Litaneutria","minor","Litaneutria minor",1982,"Univ. Calif. Publ. Ent.",,,,"x","x",,"x",,,"x","Matodea","Mantidae","Litaneutria","Litaneutria minor"
"99","lit","Orthoptera","Phasmatidae","Parabacillus","hesperus","Parabacillus hesperus",1982,"Univ. Calif. Publ. Ent.",,,,,"x",,"x",,,,"Phasmida",,,
"100","lit","Orthoptera","Phasmatidae","Pseudosermyle","catalinae","Pseudosermyle catalinae",1982,"Univ. Calif. Publ. Ent.",,,,,"x",,,,,,"Phasmida",,,
"101","lit","Orthoptera","Rhaphidophoridae","Ceuthophilus","californianus","Ceuthophilus californianus",1936,"Univ. Florida Publ. Biol. Ser.",,,,,,,,"x",,"x","Orthoptera","Rhaphidophoridae","Ceuthophilus","Ceuthophilus californianus"
"102","lit","Orthoptera","Rhaphidophoridae","Ceuthophilus","californianus","Ceuthophilus californianus",1938,"Sci. Mon.",,,,,,,,"x",,,"Orthoptera","Rhaphidophoridae","Ceuthophilus","Ceuthophilus californianus"
"103","lit","Orthoptera","Rhaphidophoridae","Ceuthophilus","californianus","Ceuthophilus californianus",1940,"Proc. Sixth Pac. Sci. Cong.",,,,,,,,"x",,,"Orthoptera","Rhaphidophoridae","Ceuthophilus","Ceuthophilus californianus"
"104","lit","Orthoptera","Rhaphidophoridae","Ceuthophilus","californianus","Ceuthophilus californianus",1982,"Univ. Calif. Publ. Ent.",,,,,,,,"x",,"x","Orthoptera","Rhaphidophoridae","Ceuthophilus","Ceuthophilus californianus"
"105","lit","Orthoptera","Rhaphidophoridae","Gammarotettix","genitalis","Gammarotettix genitalis",1982,"Univ. Calif. Publ. Ent.",,,,,,,"x",,,,"Orthoptera","Rhaphidophoridae","Gammarotettix","Gammarotettix genitalis"
"106","lit","Orthoptera","Rhaphidophoridae","Pristoceuthophilus","marmoratus","Pristoceuthophilus marmoratus",1982,"Univ. Calif. Publ. Ent.",,,,,"x","x",,,"x",,"Orthoptera","Rhaphidophoridae","Pristoceuthophilus","Pristoceuthophilus marmoratus"
"107","lit","Orthoptera","Rhaphidophoridae","Pristoceuthophilus","pacificus","Pristoceuthophilus pacificus",1982,"Univ. Calif. Publ. Ent.",,,"x",,,,"x",,,"x",,"Rhaphidophoridae","Pristoceuthophilus","Pristoceuthophilus pacificus"
"108","lit","Orthoptera","Stenopelmatidae","Cnemotettix","caudulus","Cnemotettix caudulus",1973,"Proc. Acad. Nat. Sci. Phil.",,,,,,,,"x",,"x","Orthoptera","Anostostomatidae","Cnemotettix","Cnemotettix caudulus"
"109","lit","Orthoptera","Stenopelmatidae","Cnemotettix","caudulus","Cnemotettix caudulus",1976,"J. Biogeography",,,,,,,"x","x",,"x","Orthoptera","Anostostomatidae","Cnemotettix","Cnemotettix caudulus"
"110","lit","Orthoptera","Stenopelmatidae","Cnemotettix","caudulus","Cnemotettix caudulus",1982,"Univ. Calif. Publ. Ent.",,,,,,,"x","x",,"x","Orthoptera","Anostostomatidae","Cnemotettix","Cnemotettix caudulus"
"111","lit","Orthoptera","Stenopelmatidae","Cnemotettix","miniatus","Cnemotettix miniatus",1973,"Proc. Acad. Nat. Sci. Phil.",,,,,"x",,,,"x",,"Orthoptera","Anostostomatidae","Cnemotettix","Cnemotettix miniatus"
"112","lit","Orthoptera","Stenopelmatidae","Cnemotettix","miniatus","Cnemotettix miniatus",1982,"Univ. Calif. Publ. Ent.",,,,,"x",,,,,,"Orthoptera","Anostostomatidae","Cnemotettix","Cnemotettix miniatus"
"113","lit","Orthoptera","Stenopelmatidae","Cnemotettix","miniatus","Cnemotettix miniatus",1985,"Ent. Calif. Ch. Isls. Proc.",,,,,"x",,,,,,"Orthoptera","Anostostomatidae","Cnemotettix","Cnemotettix miniatus"
"114","lit","Orthoptera","Stenopelmatidae","Cnemotettix","pulvillifer","Cnemotettix pulvillifer",1916,"Proc. U.S. Natl. Mus.",,,,,,"x",,,,,"Orthoptera","Anostostomatidae","Cnemotettix","Cnemotettix pulvillifer"
"115","lit","Orthoptera","Stenopelmatidae","Cnemotettix","pulvillifer","Cnemotettix pulvillifer",1928,"Proc. Ent. Soc. Wash.",,,,,,,,,,"x","Orthoptera","Anostostomatidae","Cnemotettix","Cnemotettix pulvillifer"
"116","lit","Orthoptera","Stenopelmatidae","Cnemotettix","pulvillifer","Cnemotettix pulvillifer",1958,"Zoogeography",,,,,,"x",,,,,"Orthoptera","Anostostomatidae","Cnemotettix","Cnemotettix pulvillifer"
"117","lit","Orthoptera","Stenopelmatidae","Cnemotettix","pulvillifer","Cnemotettix pulvillifer",1973,"Proc. Acad. Nat. Sci. Phil.",,,,,,"x",,,,,"Orthoptera","Anostostomatidae","Cnemotettix","Cnemotettix pulvillifer"
"118","lit","Orthoptera","Stenopelmatidae","Cnemotettix","pulvillifer","Cnemotettix pulvillifer",1976,"J. Biogeography",,,,,,"x",,,,,"Orthoptera","Anostostomatidae","Cnemotettix","Cnemotettix pulvillifer"
"119","lit","Orthoptera","Stenopelmatidae","Cnemotettix","pulvillifer","Cnemotettix pulvillifer",1982,"Univ. Calif. Publ. Ent.",,,,,,"x",,,,,"Orthoptera","Anostostomatidae","Cnemotettix","Cnemotettix pulvillifer"
"120","lit","Orthoptera","Stenopelmatidae","Cnemotettix","pulvillifer","Cnemotettix pulvillifer",1985,"Ent. Calif. Ch. Isls. Proc.",,,,,,"x",,,,,"Orthoptera","Anostostomatidae","Cnemotettix","Cnemotettix pulvillifer"
"121","lit","Orthoptera","Stenopelmatidae","Cnemotettix","spinulus","Cnemotettix spinulus",1973,"Proc. Acad. Nat. Sci. Phil.",,,"x",,,,"x",,"x",,"Orthoptera","Anostostomatidae","Cnemotettix","Cnemotettix spinulus"
"122","lit","Orthoptera","Stenopelmatidae","Cnemotettix","spinulus","Cnemotettix spinulus",1976,"J. Biogeography",,,"x",,,,"x",,"x","x","Orthoptera","Anostostomatidae","Cnemotettix","Cnemotettix spinulus"
"123","lit","Orthoptera","Stenopelmatidae","Cnemotettix","spinulus","Cnemotettix spinulus",1976,"J. Biogeography",,,,,"x",,,,,,"Orthoptera","Anostostomatidae","Cnemotettix","Cnemotettix spinulus"
"124","lit","Orthoptera","Stenopelmatidae","Cnemotettix","spinulus","Cnemotettix spinulus",1982,"Univ. Calif. Publ. Ent.",,,"x",,,,"x",,"x","x","Orthoptera","Anostostomatidae","Cnemotettix","Cnemotettix spinulus"
"125","lit","Orthoptera","Stenopelmatidae","Cnemotettix","spinulus","Cnemotettix spinulus",1985,"Ent. Calif. Ch. Isls. Proc.",,,,,,,,,"x",,"Orthoptera","Anostostomatidae","Cnemotettix","Cnemotettix spinulus"
"126","lit","Orthoptera","Stenopelmatidae","Stenopelmatus","sp.","Stenopelmatus sp.",1973,"Envir. Southwest",,,,,,,"x",,,,,,,
"127","lit","Orthoptera","Stenopelmatidae","Stenopelmatus","sp.","Stenopelmatus sp.",1938,"Sci. Mon.",,,,,,,,"x",,,,,,
"128","lit","Orthoptera","Stenopelmatidae","Stenopelmatus","sp.","Stenopelmatus sp.",1940,"Proc. Sixth Pac. Sci. Cong.",,,"x",,,,"x","x",,,,,,
"129","lit","Orthoptera","Stenopelmatidae","Stenopelmatus","sp.","Stenopelmatus sp.",1970,"Predation Ecol. Barn Owl",,,,,,,"x",,,,,,,
"130","lit","Orthoptera","Stenopelmatidae","Stenopelmatus","sp.","Stenopelmatus sp.",1876,"App. JJ Ann. Rept. Chief Eng.",,,,,,,"x",,,,,,,
"131","lit","Orthoptera","Stenopelmatidae","Stenopelmatus","sp.","Stenopelmatus sp.",1977,"Ph.D. Univ. Calif., Santa Bar.",,,,,,,"x",,,,,,,
"132","lit","Orthoptera","Stenopelmatidae","Stenopelmatus","sp.","Stenopelmatus sp.",1979,"M.S. thesis, USC, Northridge",,,,,"x",,,,,,,,,
"133","lit","Orthoptera","Stenopelmatidae","Stenopelmatus","sp.","Stenopelmatus sp.",1982,"Univ. Calif. Publ. Ent.",,,,,,,"x",,,"x",,,,
"134","lit","Orthoptera","Stenopelmatidae","Stenopelmatus","sp.","Stenopelmatus sp.",1982,"Univ. Calif. Publ. Ent.",,,"x",,"?",,,"x",,"x",,,,
"135","lit","Orthoptera","Tetrigidae","Paratettix","aztecus","Paratettix aztecus",1968,"Bull. Calif. Insect Survey",,,,,,,"x",,,,,"Tetrigidae","Paratettix","Paratettix aztecus"
"136","lit","Orthoptera","Tetrigidae","Paratettix","aztecus","Paratettix aztecus",1982,"Univ. Calif. Publ. Ent.",,,,,,,"x",,,,,"Tetrigidae","Paratettix","Paratettix aztecus"
"137","lit","Orthoptera","Tetrigidae","Paratettix","mexicanus","Paratettix mexicanus",1957,"Proc. Acad. Nat. Sci. Phil.",,,,,,,"x",,,,"Orthoptera","Tetrigidae","Paratettix",
"138","lit","Orthoptera","Tetrigidae","Paratettix","mexicanus","Paratettix mexicanus",1982,"Univ. Calif. Publ. Ent.",,,,,"x",,"x",,,"x","Orthoptera","Tetrigidae","Paratettix",
"139","lit","Orthoptera","Tettigoniidae","Neduba (Aglaothorax)","morsei islandica","Neduba (Aglaothorax) morsei islandica",1982,"Univ. Calif. Publ. Ent.",,,"x",,,,,,,"x",,"Tettigoniidae","Aglaothorax","Aglaothorax morsei islandica"
"140","lit","Orthoptera","Tettigoniidae","Neduba (Aglaothorax)","morsei islandica","Neduba (Aglaothorax) morsei islandica",1985,"Ent. Calif. Ch. Isls. Proc.",,,"x",,,,,,,"x",,"Tettigoniidae","Aglaothorax","Aglaothorax morsei islandica"
"141","lit","Orthoptera","Tettigoniidae","Neduba (Aglaothorax)","morsei santacruzae","Neduba (Aglaothorax) morsei santacruzae",1982,"Univ. Calif. Publ. Ent.",,,,,,,"x",,,,,,,
"142","lit","Orthoptera","Tettigoniidae","Neduba (Aglaothorax)","morsei santacruzae","Neduba (Aglaothorax) morsei santacruzae",1982,"Univ. Calif. Publ. Ent.",,,,,,,"x",,,,,,,
"143","lit","Orthoptera","Tettigoniidae","Neduba (Aglaothorax)","morsei santacruzae","Neduba (Aglaothorax) morsei santacruzae",1985,"Ent. Calif. Ch. Isls. Proc.",,,,,,,"x",,,,,,,
"144","lit","Orthoptera","Tettigoniidae","Neduba (Neduba)","propsti","Neduba (Neduba) propsti",1982,"Univ. Calif. Publ. Ent.",,,,,"x",,,,,,,"Tettigoniidae","Neduba","Neduba propsti"
"145","lit","Orthoptera","Tettigoniidae","Neduba (Neduba)","propsti","Neduba (Neduba) propsti",1985,"Ent. Calif. Ch. Isls. Proc.",,,,,"x",,,,,,,"Tettigoniidae","Neduba","Neduba propsti"
"146","lit","Orthoptera","Tettigoniidae","Platylyra","californica","Platylyra californica",1982,"Univ. Calif. Publ. Ent.",,,,,"x",,"x",,,,"Orthoptera","Tettigoniidae","Platylyra","Platylyra californica"
"147","lit","Orthoptera","Tettigoniidae","Scudderia","furcata","Scudderia furcata",1982,"Univ. Calif. Publ. Ent.",,,,,,,"x",,,,,"Phaneropteridae","Scudderia","Scudderia furcata"
"148","lit","Orthoptera","Tettigoniidae","Scudderia","mexicana","Scudderia mexicana",1892,"Zoe",1892,8,,,"x",,,,,,"Orthoptera","Tettigoniidae","Scudderia","Scudderia mexicana"
"149","lit","Orthoptera","Tettigoniidae","Scudderia","mexicana","Scudderia mexicana",1910,"Proc. Acad. Nat. Sci. Phil.",1907,8,,,"x",,,,,,"Orthoptera","Tettigoniidae","Scudderia","Scudderia mexicana"
"150","lit","Orthoptera","Tettigoniidae","Scudderia","mexicana","Scudderia mexicana",1982,"Univ. Calif. Publ. Ent.",,,"x",,"x",,"x",,,,"Orthoptera","Tettigoniidae","Scudderia","Scudderia mexicana"
"151","lit","Orthoptera","Tridactylidae","Ellipes","minutus","Ellipes minutus",1977,"Dtsch. Ent. Z., N.F.",,,,,"x",,,,,,,"Tridactylidae","Ellipes","Ellipes minuta"
"152","lit","Orthoptera","Tridactylidae","Ellipes","minutus","Ellipes minutus",1982,"Univ. Calif. Publ. Ent.",,,,,"x",,,,,,,"Tridactylidae","Ellipes","Ellipes minuta"
